lat,lon,alt
19.05,-99.35,2240
19.05,-99.341,2240
19.05,-99.332,2240
19.05,-99.323,2240
19.05,-99.314,2240
19.05,-99.305,2240
19.05,-99.296,2240
19.05,-99.287,2240
19.05,-99.278,2240
19.05,-99.269,2240
19.05,-99.26,2240
19.05,-99.251,2240
19.05,-99.242,2240
19.05,-99.233,2240
19.05,-99.224,2240
19.05,-99.215,2240
19.05,-99.206,2240
19.05,-99.197,2240
19.05,-99.188,2240
19.05,-99.179,2240
19.05,-99.17,2240
19.05,-99.161,2240
19.05,-99.152,2240
19.05,-99.143,2240
19.05,-99.134,2240
19.05,-99.125,2240
19.05,-99.116,2240
19.05,-99.107,2240
19.05,-99.098,2240
19.05,-99.089,2240
19.05,-99.08,2240
19.05,-99.071,2240
19.05,-99.062,2240
19.05,-99.053,2240
19.05,-99.044,2240
19.05,-99.035,2240
19.05,-99.026,2240
19.05,-99.017,2240
19.05,-99.008,2240
19.05,-98.999,2240
19.05,-98.99,2240
19.05,-98.981,2240
19.05,-98.972,2240
19.05,-98.963,2240
19.05,-98.954,2240
19.05,-98.945,2240
19.05,-98.936,2240
19.05,-98.927,2240
19.05,-98.918,2240
19.05,-98.909,2240
19.059,-99.35,2240
19.059,-99.341,2240
19.059,-99.332,2240
19.059,-99.323,2240
19.059,-99.314,2240
19.059,-99.305,2240
19.059,-99.296,2240
19.059,-99.287,2240
19.059,-99.278,2240
19.059,-99.269,2240
19.059,-99.26,2240
19.059,-99.251,2240
19.059,-99.242,2240
19.059,-99.233,2240
19.059,-99.224,2240
19.059,-99.215,2240
19.059,-99.206,2240
19.059,-99.197,2240
19.059,-99.188,2240
19.059,-99.179,2240
19.059,-99.17,2240
19.059,-99.161,2240
19.059,-99.152,2240
19.059,-99.143,2240
19.059,-99.134,2240
19.059,-99.125,2240
19.059,-99.116,2240
19.059,-99.107,2240
19.059,-99.098,2240
19.059,-99.089,2240
19.059,-99.08,2240
19.059,-99.071,2240
19.059,-99.062,2240
19.059,-99.053,2240
19.059,-99.044,2240
19.059,-99.035,2240
19.059,-99.026,2240
19.059,-99.017,2240
19.059,-99.008,2240
19.059,-98.999,2240
19.059,-98.99,2240
19.059,-98.981,2240
19.059,-98.972,2240
19.059,-98.963,2240
19.059,-98.954,2240
19.059,-98.945,2240
19.059,-98.936,2240
19.059,-98.927,2240
19.059,-98.918,2240
19.059,-98.909,2240
19.068,-99.35,2240
19.068,-99.341,2240
19.068,-99.332,2240
19.068,-99.323,2240
19.068,-99.314,2240
19.068,-99.305,2240
19.068,-99.296,2240
19.068,-99.287,2240
19.068,-99.278,2240
19.068,-99.269,2240
19.068,-99.26,2240
19.068,-99.251,2240
19.068,-99.242,2240
19.068,-99.233,2240
19.068,-99.224,2240
19.068,-99.215,2240
19.068,-99.206,2240
19.068,-99.197,2240
19.068,-99.188,2240
19.068,-99.179,2240
19.068,-99.17,2240
19.068,-99.161,2240
19.068,-99.152,2240
19.068,-99.143,2240
19.068,-99.134,2240
19.068,-99.125,2240
19.068,-99.116,2240
19.068,-99.107,2240
19.068,-99.098,2240
19.068,-99.089,2240
19.068,-99.08,2240
19.068,-99.071,2240
19.068,-99.062,2240
19.068,-99.053,2240
19.068,-99.044,2240
19.068,-99.035,2240
19.068,-99.026,2240
19.068,-99.017,2240
19.068,-99.008,2240
19.068,-98.999,2240
19.068,-98.99,2240
19.068,-98.981,2240
19.068,-98.972,2240
19.068,-98.963,2240
19.068,-98.954,2240
19.068,-98.945,2240
19.068,-98.936,2240
19.068,-98.927,2240
19.068,-98.918,2240
19.068,-98.909,2240
19.077,-99.35,2240
19.077,-99.341,2240
19.077,-99.332,2240
19.077,-99.323,2240
19.077,-99.314,2240
19.077,-99.305,2240
19.077,-99.296,2240
19.077,-99.287,2240
19.077,-99.278,2240
19.077,-99.269,2240
19.077,-99.26,2240
19.077,-99.251,2240
19.077,-99.242,2240
19.077,-99.233,2240
19.077,-99.224,2240
19.077,-99.215,2240
19.077,-99.206,2240
19.077,-99.197,2240
19.077,-99.188,2240
19.077,-99.179,2240
19.077,-99.17,2240
19.077,-99.161,2240
19.077,-99.152,2240
19.077,-99.143,2240
19.077,-99.134,2240
19.077,-99.125,2240
19.077,-99.116,2240
19.077,-99.107,2240
19.077,-99.098,2240
19.077,-99.089,2240
19.077,-99.08,2240
19.077,-99.071,2240
19.077,-99.062,2240
19.077,-99.053,2240
19.077,-99.044,2240
19.077,-99.035,2240
19.077,-99.026,2240
19.077,-99.017,2240
19.077,-99.008,2240
19.077,-98.999,2240
19.077,-98.99,2240
19.077,-98.981,2240
19.077,-98.972,2240
19.077,-98.963,2240
19.077,-98.954,2240
19.077,-98.945,2240
19.077,-98.936,2240
19.077,-98.927,2240
19.077,-98.918,2240
19.077,-98.909,2240
19.086,-99.35,2240
19.086,-99.341,2240
19.086,-99.332,2240
19.086,-99.323,2240
19.086,-99.314,2240
19.086,-99.305,2240
19.086,-99.296,2240
19.086,-99.287,2240
19.086,-99.278,2240
19.086,-99.269,2240
19.086,-99.26,2240
19.086,-99.251,2240
19.086,-99.242,2240
19.086,-99.233,2240
19.086,-99.224,2240
19.086,-99.215,2240
19.086,-99.206,2240
19.086,-99.197,2240
19.086,-99.188,2240
19.086,-99.179,2240
19.086,-99.17,2240
19.086,-99.161,2240
19.086,-99.152,2240
19.086,-99.143,2240
19.086,-99.134,2240
19.086,-99.125,2240
19.086,-99.116,2240
19.086,-99.107,2240
19.086,-99.098,2240
19.086,-99.089,2240
19.086,-99.08,2240
19.086,-99.071,2240
19.086,-99.062,2240
19.086,-99.053,2240
19.086,-99.044,2240
19.086,-99.035,2240
19.086,-99.026,2240
19.086,-99.017,2240
19.086,-99.008,2240
19.086,-98.999,2240
19.086,-98.99,2240
19.086,-98.981,2240
19.086,-98.972,2240
19.086,-98.963,2240
19.086,-98.954,2240
19.086,-98.945,2240
19.086,-98.936,2240
19.086,-98.927,2240
19.086,-98.918,2240
19.086,-98.909,2240
19.095,-99.35,2240
19.095,-99.341,2240
19.095,-99.332,2240
19.095,-99.323,2240
19.095,-99.314,2240
19.095,-99.305,2240
19.095,-99.296,2240
19.095,-99.287,2240
19.095,-99.278,2240
19.095,-99.269,2240
19.095,-99.26,2240
19.095,-99.251,2240
19.095,-99.242,2240
19.095,-99.233,2240
19.095,-99.224,2240
19.095,-99.215,2240
19.095,-99.206,2240
19.095,-99.197,2240
19.095,-99.188,2240
19.095,-99.179,2240
19.095,-99.17,2240
19.095,-99.161,2240
19.095,-99.152,2240
19.095,-99.143,2240
19.095,-99.134,2240
19.095,-99.125,2240
19.095,-99.116,2240
19.095,-99.107,2240
19.095,-99.098,2240
19.095,-99.089,2240
19.095,-99.08,2240
19.095,-99.071,2240
19.095,-99.062,2240
19.095,-99.053,2240
19.095,-99.044,2240
19.095,-99.035,2240
19.095,-99.026,2240
19.095,-99.017,2240
19.095,-99.008,2240
19.095,-98.999,2240
19.095,-98.99,2240
19.095,-98.981,2240
19.095,-98.972,2240
19.095,-98.963,2240
19.095,-98.954,2240
19.095,-98.945,2240
19.095,-98.936,2240
19.095,-98.927,2240
19.095,-98.918,2240
19.095,-98.909,2240
19.104,-99.35,2240
19.104,-99.341,2240
19.104,-99.332,2240
19.104,-99.323,2240
19.104,-99.314,2240
19.104,-99.305,2240
19.104,-99.296,2240
19.104,-99.287,2240
19.104,-99.278,2240
19.104,-99.269,2240
19.104,-99.26,2240
19.104,-99.251,2240
19.104,-99.242,2240
19.104,-99.233,2240
19.104,-99.224,2240
19.104,-99.215,2240
19.104,-99.206,2240
19.104,-99.197,2240
19.104,-99.188,2240
19.104,-99.179,2240
19.104,-99.17,2240
19.104,-99.161,2240
19.104,-99.152,2240
19.104,-99.143,2240
19.104,-99.134,2240
19.104,-99.125,2240
19.104,-99.116,2240
19.104,-99.107,2240
19.104,-99.098,2240
19.104,-99.089,2240
19.104,-99.08,2240
19.104,-99.071,2240
19.104,-99.062,2240
19.104,-99.053,2240
19.104,-99.044,2240
19.104,-99.035,2240
19.104,-99.026,2240
19.104,-99.017,2240
19.104,-99.008,2240
19.104,-98.999,2240
19.104,-98.99,2240
19.104,-98.981,2240
19.104,-98.972,2240
19.104,-98.963,2240
19.104,-98.954,2240
19.104,-98.945,2240
19.104,-98.936,2240
19.104,-98.927,2240
19.104,-98.918,2240
19.104,-98.909,2240
19.113,-99.35,2240
19.113,-99.341,2240
19.113,-99.332,2240
19.113,-99.323,2240
19.113,-99.314,2240
19.113,-99.305,2240
19.113,-99.296,2240
19.113,-99.287,2240
19.113,-99.278,2240
19.113,-99.269,2240
19.113,-99.26,2240
19.113,-99.251,2240
19.113,-99.242,2240
19.113,-99.233,2240
19.113,-99.224,2240
19.113,-99.215,2240
19.113,-99.206,2240
19.113,-99.197,2240
19.113,-99.188,2240
19.113,-99.179,2240
19.113,-99.17,2240
19.113,-99.161,2240
19.113,-99.152,2240
19.113,-99.143,2240
19.113,-99.134,2240
19.113,-99.125,2240
19.113,-99.116,2240
19.113,-99.107,2240
19.113,-99.098,2240
19.113,-99.089,2240
19.113,-99.08,2240
19.113,-99.071,2240
19.113,-99.062,2240
19.113,-99.053,2240
19.113,-99.044,2240
19.113,-99.035,2240
19.113,-99.026,2240
19.113,-99.017,2240
19.113,-99.008,2240
19.113,-98.999,2240
19.113,-98.99,2240
19.113,-98.981,2240
19.113,-98.972,2240
19.113,-98.963,2240
19.113,-98.954,2240
19.113,-98.945,2240
19.113,-98.936,2240
19.113,-98.927,2240
19.113,-98.918,2240
19.113,-98.909,2240
19.122,-99.35,2240
19.122,-99.341,2240
19.122,-99.332,2240
19.122,-99.323,2240
19.122,-99.314,2240
19.122,-99.305,2240
19.122,-99.296,2240
19.122,-99.287,2240
19.122,-99.278,2240
19.122,-99.269,2240
19.122,-99.26,2240
19.122,-99.251,2240
19.122,-99.242,2240
19.122,-99.233,2240
19.122,-99.224,2240
19.122,-99.215,2240
19.122,-99.206,2240
19.122,-99.197,2240
19.122,-99.188,2240
19.122,-99.179,2240
19.122,-99.17,2240
19.122,-99.161,2240
19.122,-99.152,2240
19.122,-99.143,2240
19.122,-99.134,2240
19.122,-99.125,2240
19.122,-99.116,2240
19.122,-99.107,2240
19.122,-99.098,2240
19.122,-99.089,2240
19.122,-99.08,2240
19.122,-99.071,2240
19.122,-99.062,2240
19.122,-99.053,2240
19.122,-99.044,2240
19.122,-99.035,2240
19.122,-99.026,2240
19.122,-99.017,2240
19.122,-99.008,2240
19.122,-98.999,2240
19.122,-98.99,2240
19.122,-98.981,2240
19.122,-98.972,2240
19.122,-98.963,2240
19.122,-98.954,2240
19.122,-98.945,2240
19.122,-98.936,2240
19.122,-98.927,2240
19.122,-98.918,2240
19.122,-98.909,2240
19.131,-99.35,2240
19.131,-99.341,2240
19.131,-99.332,2240
19.131,-99.323,2240
19.131,-99.314,2240
19.131,-99.305,2240
19.131,-99.296,2240
19.131,-99.287,2240
19.131,-99.278,2240
19.131,-99.269,2240
19.131,-99.26,2240
19.131,-99.251,2240
19.131,-99.242,2240
19.131,-99.233,2240
19.131,-99.224,2240
19.131,-99.215,2240
19.131,-99.206,2240
19.131,-99.197,2240
19.131,-99.188,2240
19.131,-99.179,2240
19.131,-99.17,2240
19.131,-99.161,2240
19.131,-99.152,2240
19.131,-99.143,2240
19.131,-99.134,2240
19.131,-99.125,2240
19.131,-99.116,2240
19.131,-99.107,2240
19.131,-99.098,2240
19.131,-99.089,2240
19.131,-99.08,2240
19.131,-99.071,2240
19.131,-99.062,2240
19.131,-99.053,2240
19.131,-99.044,2240
19.131,-99.035,2240
19.131,-99.026,2240
19.131,-99.017,2240
19.131,-99.008,2240
19.131,-98.999,2240
19.131,-98.99,2240
19.131,-98.981,2240
19.131,-98.972,2240
19.131,-98.963,2240
19.131,-98.954,2240
19.131,-98.945,2240
19.131,-98.936,2240
19.131,-98.927,2240
19.131,-98.918,2240
19.131,-98.909,2240
19.14,-99.35,2240
19.14,-99.341,2240
19.14,-99.332,2240
19.14,-99.323,2240
19.14,-99.314,2240
19.14,-99.305,2240
19.14,-99.296,2240
19.14,-99.287,2240
19.14,-99.278,2240
19.14,-99.269,2240
19.14,-99.26,2240
19.14,-99.251,2240
19.14,-99.242,2240
19.14,-99.233,2240
19.14,-99.224,2240
19.14,-99.215,2240
19.14,-99.206,2240
19.14,-99.197,2240
19.14,-99.188,2240
19.14,-99.179,2240
19.14,-99.17,2240
19.14,-99.161,2240
19.14,-99.152,2240
19.14,-99.143,2240
19.14,-99.134,2240
19.14,-99.125,2240
19.14,-99.116,2240
19.14,-99.107,2240
19.14,-99.098,2240
19.14,-99.089,2240
19.14,-99.08,2240
19.14,-99.071,2240
19.14,-99.062,2240
19.14,-99.053,2240
19.14,-99.044,2240
19.14,-99.035,2240
19.14,-99.026,2240
19.14,-99.017,2240
19.14,-99.008,2240
19.14,-98.999,2240
19.14,-98.99,2240
19.14,-98.981,2240
19.14,-98.972,2240
19.14,-98.963,2240
19.14,-98.954,2240
19.14,-98.945,2240
19.14,-98.936,2240
19.14,-98.927,2240
19.14,-98.918,2240
19.14,-98.909,2240
19.149,-99.35,2240
19.149,-99.341,2240
19.149,-99.332,2240
19.149,-99.323,2240
19.149,-99.314,2240
19.149,-99.305,2240
19.149,-99.296,2240
19.149,-99.287,2240
19.149,-99.278,2240
19.149,-99.269,2240
19.149,-99.26,2240
19.149,-99.251,2240
19.149,-99.242,2240
19.149,-99.233,2240
19.149,-99.224,2240
19.149,-99.215,2240
19.149,-99.206,2240
19.149,-99.197,2240
19.149,-99.188,2240
19.149,-99.179,2240
19.149,-99.17,2240
19.149,-99.161,2240
19.149,-99.152,2240
19.149,-99.143,2240
19.149,-99.134,2240
19.149,-99.125,2240
19.149,-99.116,2240
19.149,-99.107,2240
19.149,-99.098,2240
19.149,-99.089,2240
19.149,-99.08,2240
19.149,-99.071,2240
19.149,-99.062,2240
19.149,-99.053,2240
19.149,-99.044,2240
19.149,-99.035,2240
19.149,-99.026,2240
19.149,-99.017,2240
19.149,-99.008,2240
19.149,-98.999,2240
19.149,-98.99,2240
19.149,-98.981,2240
19.149,-98.972,2240
19.149,-98.963,2240
19.149,-98.954,2240
19.149,-98.945,2240
19.149,-98.936,2240
19.149,-98.927,2240
19.149,-98.918,2240
19.149,-98.909,2240
19.158,-99.35,2240
19.158,-99.341,2240
19.158,-99.332,2240
19.158,-99.323,2240
19.158,-99.314,2240
19.158,-99.305,2240
19.158,-99.296,2240
19.158,-99.287,2240
19.158,-99.278,2240
19.158,-99.269,2240
19.158,-99.26,2240
19.158,-99.251,2240
19.158,-99.242,2240
19.158,-99.233,2240
19.158,-99.224,2240
19.158,-99.215,2240
19.158,-99.206,2240
19.158,-99.197,2240
19.158,-99.188,2240
19.158,-99.179,2240
19.158,-99.17,2240
19.158,-99.161,2240
19.158,-99.152,2240
19.158,-99.143,2240
19.158,-99.134,2240
19.158,-99.125,2240
19.158,-99.116,2240
19.158,-99.107,2240
19.158,-99.098,2240
19.158,-99.089,2240
19.158,-99.08,2240
19.158,-99.071,2240
19.158,-99.062,2240
19.158,-99.053,2240
19.158,-99.044,2240
19.158,-99.035,2240
19.158,-99.026,2240
19.158,-99.017,2240
19.158,-99.008,2240
19.158,-98.999,2240
19.158,-98.99,2240
19.158,-98.981,2240
19.158,-98.972,2240
19.158,-98.963,2240
19.158,-98.954,2240
19.158,-98.945,2240
19.158,-98.936,2240
19.158,-98.927,2240
19.158,-98.918,2240
19.158,-98.909,2240
19.167,-99.35,2240
19.167,-99.341,2240
19.167,-99.332,2240
19.167,-99.323,2240
19.167,-99.314,2240
19.167,-99.305,2240
19.167,-99.296,2240
19.167,-99.287,2240
19.167,-99.278,2240
19.167,-99.269,2240
19.167,-99.26,2240
19.167,-99.251,2240
19.167,-99.242,2240
19.167,-99.233,2240
19.167,-99.224,2240
19.167,-99.215,2240
19.167,-99.206,2240
19.167,-99.197,2240
19.167,-99.188,2240
19.167,-99.179,2240
19.167,-99.17,2240
19.167,-99.161,2240
19.167,-99.152,2240
19.167,-99.143,2240
19.167,-99.134,2240
19.167,-99.125,2240
19.167,-99.116,2240
19.167,-99.107,2240
19.167,-99.098,2240
19.167,-99.089,2240
19.167,-99.08,2240
19.167,-99.071,2240
19.167,-99.062,2240
19.167,-99.053,2240
19.167,-99.044,2240
19.167,-99.035,2240
19.167,-99.026,2240
19.167,-99.017,2240
19.167,-99.008,2240
19.167,-98.999,2240
19.167,-98.99,2240
19.167,-98.981,2240
19.167,-98.972,2240
19.167,-98.963,2240
19.167,-98.954,2240
19.167,-98.945,2240
19.167,-98.936,2240
19.167,-98.927,2240
19.167,-98.918,2240
19.167,-98.909,2240
19.176,-99.35,2240
19.176,-99.341,2240
19.176,-99.332,2240
19.176,-99.323,2240
19.176,-99.314,2240
19.176,-99.305,2240
19.176,-99.296,2240
19.176,-99.287,2240
19.176,-99.278,2240
19.176,-99.269,2240
19.176,-99.26,2240
19.176,-99.251,2240
19.176,-99.242,2240
19.176,-99.233,2240
19.176,-99.224,2240
19.176,-99.215,2240
19.176,-99.206,2240
19.176,-99.197,2240
19.176,-99.188,2240
19.176,-99.179,2240
19.176,-99.17,2240
19.176,-99.161,2240
19.176,-99.152,2240
19.176,-99.143,2240
19.176,-99.134,2240
19.176,-99.125,2240
19.176,-99.116,2240
19.176,-99.107,2240
19.176,-99.098,2240
19.176,-99.089,2240
19.176,-99.08,2240
19.176,-99.071,2240
19.176,-99.062,2240
19.176,-99.053,2240
19.176,-99.044,2240
19.176,-99.035,2240
19.176,-99.026,2240
19.176,-99.017,2240
19.176,-99.008,2240
19.176,-98.999,2240
19.176,-98.99,2240
19.176,-98.981,2240
19.176,-98.972,2240
19.176,-98.963,2240
19.176,-98.954,2240
19.176,-98.945,2240
19.176,-98.936,2240
19.176,-98.927,2240
19.176,-98.918,2240
19.176,-98.909,2240
19.185,-99.35,2240
19.185,-99.341,2240
19.185,-99.332,2240
19.185,-99.323,2240
19.185,-99.314,2240
19.185,-99.305,2240
19.185,-99.296,2240
19.185,-99.287,2240
19.185,-99.278,2240
19.185,-99.269,2240
19.185,-99.26,2240
19.185,-99.251,2240
19.185,-99.242,2240
19.185,-99.233,2240
19.185,-99.224,2240
19.185,-99.215,2240
19.185,-99.206,2240
19.185,-99.197,2240
19.185,-99.188,2240
19.185,-99.179,2240
19.185,-99.17,2240
19.185,-99.161,2240
19.185,-99.152,2240
19.185,-99.143,2240
19.185,-99.134,2240
19.185,-99.125,2240
19.185,-99.116,2240
19.185,-99.107,2240
19.185,-99.098,2240
19.185,-99.089,2240
19.185,-99.08,2240
19.185,-99.071,2240
19.185,-99.062,2240
19.185,-99.053,2240
19.185,-99.044,2240
19.185,-99.035,2240
19.185,-99.026,2240
19.185,-99.017,2240
19.185,-99.008,2240
19.185,-98.999,2240
19.185,-98.99,2240
19.185,-98.981,2240
19.185,-98.972,2240
19.185,-98.963,2240
19.185,-98.954,2240
19.185,-98.945,2240
19.185,-98.936,2240
19.185,-98.927,2240
19.185,-98.918,2240
19.185,-98.909,2240
19.194,-99.35,2240
19.194,-99.341,2240
19.194,-99.332,2240
19.194,-99.323,2240
19.194,-99.314,2240
19.194,-99.305,2240
19.194,-99.296,2240
19.194,-99.287,2240
19.194,-99.278,2240
19.194,-99.269,2240
19.194,-99.26,2240
19.194,-99.251,2240
19.194,-99.242,2240
19.194,-99.233,2240
19.194,-99.224,2240
19.194,-99.215,2240
19.194,-99.206,2240
19.194,-99.197,2240
19.194,-99.188,2240
19.194,-99.179,2240
19.194,-99.17,2240
19.194,-99.161,2240
19.194,-99.152,2240
19.194,-99.143,2240
19.194,-99.134,2240
19.194,-99.125,2240
19.194,-99.116,2240
19.194,-99.107,2240
19.194,-99.098,2240
19.194,-99.089,2240
19.194,-99.08,2240
19.194,-99.071,2240
19.194,-99.062,2240
19.194,-99.053,2240
19.194,-99.044,2240
19.194,-99.035,2240
19.194,-99.026,2240
19.194,-99.017,2240
19.194,-99.008,2240
19.194,-98.999,2240
19.194,-98.99,2240
19.194,-98.981,2240
19.194,-98.972,2240
19.194,-98.963,2240
19.194,-98.954,2240
19.194,-98.945,2240
19.194,-98.936,2240
19.194,-98.927,2240
19.194,-98.918,2240
19.194,-98.909,2240
19.203,-99.35,2240
19.203,-99.341,2240
19.203,-99.332,2240
19.203,-99.323,2240
19.203,-99.314,2240
19.203,-99.305,2240
19.203,-99.296,2240
19.203,-99.287,2240
19.203,-99.278,2240
19.203,-99.269,2240
19.203,-99.26,2240
19.203,-99.251,2240
19.203,-99.242,2240
19.203,-99.233,2240
19.203,-99.224,2240
19.203,-99.215,2240
19.203,-99.206,2240
19.203,-99.197,2240
19.203,-99.188,2240
19.203,-99.179,2240
19.203,-99.17,2240
19.203,-99.161,2240
19.203,-99.152,2240
19.203,-99.143,2240
19.203,-99.134,2240
19.203,-99.125,2240
19.203,-99.116,2240
19.203,-99.107,2240
19.203,-99.098,2240
19.203,-99.089,2240
19.203,-99.08,2240
19.203,-99.071,2240
19.203,-99.062,2240
19.203,-99.053,2240
19.203,-99.044,2240
19.203,-99.035,2240
19.203,-99.026,2240
19.203,-99.017,2240
19.203,-99.008,2240
19.203,-98.999,2240
19.203,-98.99,2240
19.203,-98.981,2240
19.203,-98.972,2240
19.203,-98.963,2240
19.203,-98.954,2240
19.203,-98.945,2240
19.203,-98.936,2240
19.203,-98.927,2240
19.203,-98.918,2240
19.203,-98.909,2240
19.212,-99.35,2240
19.212,-99.341,2240
19.212,-99.332,2240
19.212,-99.323,2240
19.212,-99.314,2240
19.212,-99.305,2240
19.212,-99.296,2240
19.212,-99.287,2240
19.212,-99.278,2240
19.212,-99.269,2240
19.212,-99.26,2240
19.212,-99.251,2240
19.212,-99.242,2240
19.212,-99.233,2240
19.212,-99.224,2240
19.212,-99.215,2240
19.212,-99.206,2240
19.212,-99.197,2240
19.212,-99.188,2240
19.212,-99.179,2240
19.212,-99.17,2240
19.212,-99.161,2240
19.212,-99.152,2240
19.212,-99.143,2240
19.212,-99.134,2240
19.212,-99.125,2240
19.212,-99.116,2240
19.212,-99.107,2240
19.212,-99.098,2240
19.212,-99.089,2240
19.212,-99.08,2240
19.212,-99.071,2240
19.212,-99.062,2240
19.212,-99.053,2240
19.212,-99.044,2240
19.212,-99.035,2240
19.212,-99.026,2240
19.212,-99.017,2240
19.212,-99.008,2240
19.212,-98.999,2240
19.212,-98.99,2240
19.212,-98.981,2240
19.212,-98.972,2240
19.212,-98.963,2240
19.212,-98.954,2240
19.212,-98.945,2240
19.212,-98.936,2240
19.212,-98.927,2240
19.212,-98.918,2240
19.212,-98.909,2240
19.221,-99.35,2240
19.221,-99.341,2240
19.221,-99.332,2240
19.221,-99.323,2240
19.221,-99.314,2240
19.221,-99.305,2240
19.221,-99.296,2240
19.221,-99.287,2240
19.221,-99.278,2240
19.221,-99.269,2240
19.221,-99.26,2240
19.221,-99.251,2240
19.221,-99.242,2240
19.221,-99.233,2240
19.221,-99.224,2240
19.221,-99.215,2240
19.221,-99.206,2240
19.221,-99.197,2240
19.221,-99.188,2240
19.221,-99.179,2240
19.221,-99.17,2240
19.221,-99.161,2240
19.221,-99.152,2240
19.221,-99.143,2240
19.221,-99.134,2240
19.221,-99.125,2240
19.221,-99.116,2240
19.221,-99.107,2240
19.221,-99.098,2240
19.221,-99.089,2240
19.221,-99.08,2240
19.221,-99.071,2240
19.221,-99.062,2240
19.221,-99.053,2240
19.221,-99.044,2240
19.221,-99.035,2240
19.221,-99.026,2240
19.221,-99.017,2240
19.221,-99.008,2240
19.221,-98.999,2240
19.221,-98.99,2240
19.221,-98.981,2240
19.221,-98.972,2240
19.221,-98.963,2240
19.221,-98.954,2240
19.221,-98.945,2240
19.221,-98.936,2240
19.221,-98.927,2240
19.221,-98.918,2240
19.221,-98.909,2240
19.23,-99.35,2240
19.23,-99.341,2240
19.23,-99.332,2240
19.23,-99.323,2240
19.23,-99.314,2240
19.23,-99.305,2240
19.23,-99.296,2240
19.23,-99.287,2240
19.23,-99.278,2240
19.23,-99.269,2240
19.23,-99.26,2240
19.23,-99.251,2240
19.23,-99.242,2240
19.23,-99.233,2240
19.23,-99.224,2240
19.23,-99.215,2240
19.23,-99.206,2240
19.23,-99.197,2240
19.23,-99.188,2240
19.23,-99.179,2240
19.23,-99.17,2240
19.23,-99.161,2240
19.23,-99.152,2240
19.23,-99.143,2240
19.23,-99.134,2240
19.23,-99.125,2240
19.23,-99.116,2240
19.23,-99.107,2240
19.23,-99.098,2240
19.23,-99.089,2240
19.23,-99.08,2240
19.23,-99.071,2240
19.23,-99.062,2240
19.23,-99.053,2240
19.23,-99.044,2240
19.23,-99.035,2240
19.23,-99.026,2240
19.23,-99.017,2240
19.23,-99.008,2240
19.23,-98.999,2240
19.23,-98.99,2240
19.23,-98.981,2240
19.23,-98.972,2240
19.23,-98.963,2240
19.23,-98.954,2240
19.23,-98.945,2240
19.23,-98.936,2240
19.23,-98.927,2240
19.23,-98.918,2240
19.23,-98.909,2240
19.239,-99.35,2240
19.239,-99.341,2240
19.239,-99.332,2240
19.239,-99.323,2240
19.239,-99.314,2240
19.239,-99.305,2240
19.239,-99.296,2240
19.239,-99.287,2240
19.239,-99.278,2240
19.239,-99.269,2240
19.239,-99.26,2240
19.239,-99.251,2240
19.239,-99.242,2240
19.239,-99.233,2240
19.239,-99.224,2240
19.239,-99.215,2240
19.239,-99.206,2240
19.239,-99.197,2240
19.239,-99.188,2240
19.239,-99.179,2240
19.239,-99.17,2240
19.239,-99.161,2240
19.239,-99.152,2240
19.239,-99.143,2240
19.239,-99.134,2240
19.239,-99.125,2240
19.239,-99.116,2240
19.239,-99.107,2240
19.239,-99.098,2240
19.239,-99.089,2240
19.239,-99.08,2240
19.239,-99.071,2240
19.239,-99.062,2240
19.239,-99.053,2240
19.239,-99.044,2240
19.239,-99.035,2240
19.239,-99.026,2240
19.239,-99.017,2240
19.239,-99.008,2240
19.239,-98.999,2240
19.239,-98.99,2240
19.239,-98.981,2240
19.239,-98.972,2240
19.239,-98.963,2240
19.239,-98.954,2240
19.239,-98.945,2240
19.239,-98.936,2240
19.239,-98.927,2240
19.239,-98.918,2240
19.239,-98.909,2240
19.248,-99.35,2240
19.248,-99.341,2240
19.248,-99.332,2240
19.248,-99.323,2240
19.248,-99.314,2240
19.248,-99.305,2240
19.248,-99.296,2240
19.248,-99.287,2240
19.248,-99.278,2240
19.248,-99.269,2240
19.248,-99.26,2240
19.248,-99.251,2240
19.248,-99.242,2240
19.248,-99.233,2240
19.248,-99.224,2240
19.248,-99.215,2240
19.248,-99.206,2240
19.248,-99.197,2240
19.248,-99.188,2240
19.248,-99.179,2240
19.248,-99.17,2240
19.248,-99.161,2240
19.248,-99.152,2240
19.248,-99.143,2240
19.248,-99.134,2240
19.248,-99.125,2240
19.248,-99.116,2240
19.248,-99.107,2240
19.248,-99.098,2240
19.248,-99.089,2240
19.248,-99.08,2240
19.248,-99.071,2240
19.248,-99.062,2240
19.248,-99.053,2240
19.248,-99.044,2240
19.248,-99.035,2240
19.248,-99.026,2240
19.248,-99.017,2240
19.248,-99.008,2240
19.248,-98.999,2240
19.248,-98.99,2240
19.248,-98.981,2240
19.248,-98.972,2240
19.248,-98.963,2240
19.248,-98.954,2240
19.248,-98.945,2240
19.248,-98.936,2240
19.248,-98.927,2240
19.248,-98.918,2240
19.248,-98.909,2240
19.257,-99.35,2240
19.257,-99.341,2240
19.257,-99.332,2240
19.257,-99.323,2240
19.257,-99.314,2240
19.257,-99.305,2240
19.257,-99.296,2240
19.257,-99.287,2240
19.257,-99.278,2240
19.257,-99.269,2240
19.257,-99.26,2240
19.257,-99.251,2240
19.257,-99.242,2240
19.257,-99.233,2240
19.257,-99.224,2240
19.257,-99.215,2240
19.257,-99.206,2240
19.257,-99.197,2240
19.257,-99.188,2240
19.257,-99.179,2240
19.257,-99.17,2240
19.257,-99.161,2240
19.257,-99.152,2240
19.257,-99.143,2240
19.257,-99.134,2240
19.257,-99.125,2240
19.257,-99.116,2240
19.257,-99.107,2240
19.257,-99.098,2240
19.257,-99.089,2240
19.257,-99.08,2240
19.257,-99.071,2240
19.257,-99.062,2240
19.257,-99.053,2240
19.257,-99.044,2240
19.257,-99.035,2240
19.257,-99.026,2240
19.257,-99.017,2240
19.257,-99.008,2240
19.257,-98.999,2240
19.257,-98.99,2240
19.257,-98.981,2240
19.257,-98.972,2240
19.257,-98.963,2240
19.257,-98.954,2240
19.257,-98.945,2240
19.257,-98.936,2240
19.257,-98.927,2240
19.257,-98.918,2240
19.257,-98.909,2240
19.266,-99.35,2240
19.266,-99.341,2240
19.266,-99.332,2240
19.266,-99.323,2240
19.266,-99.314,2240
19.266,-99.305,2240
19.266,-99.296,2240
19.266,-99.287,2240
19.266,-99.278,2240
19.266,-99.269,2240
19.266,-99.26,2240
19.266,-99.251,2240
19.266,-99.242,2240
19.266,-99.233,2240
19.266,-99.224,2240
19.266,-99.215,2240
19.266,-99.206,2240
19.266,-99.197,2240
19.266,-99.188,2240
19.266,-99.179,2240
19.266,-99.17,2240
19.266,-99.161,2240
19.266,-99.152,2240
19.266,-99.143,2240
19.266,-99.134,2240
19.266,-99.125,2240
19.266,-99.116,2240
19.266,-99.107,2240
19.266,-99.098,2240
19.266,-99.089,2240
19.266,-99.08,2240
19.266,-99.071,2240
19.266,-99.062,2240
19.266,-99.053,2240
19.266,-99.044,2240
19.266,-99.035,2240
19.266,-99.026,2240
19.266,-99.017,2240
19.266,-99.008,2240
19.266,-98.999,2240
19.266,-98.99,2240
19.266,-98.981,2240
19.266,-98.972,2240
19.266,-98.963,2240
19.266,-98.954,2240
19.266,-98.945,2240
19.266,-98.936,2240
19.266,-98.927,2240
19.266,-98.918,2240
19.266,-98.909,2240
19.275,-99.35,2240
19.275,-99.341,2240
19.275,-99.332,2240
19.275,-99.323,2240
19.275,-99.314,2240
19.275,-99.305,2240
19.275,-99.296,2240
19.275,-99.287,2240
19.275,-99.278,2240
19.275,-99.269,2240
19.275,-99.26,2240
19.275,-99.251,2240
19.275,-99.242,2240
19.275,-99.233,2240
19.275,-99.224,2240
19.275,-99.215,2240
19.275,-99.206,2240
19.275,-99.197,2240
19.275,-99.188,2240
19.275,-99.179,2240
19.275,-99.17,2240
19.275,-99.161,2240
19.275,-99.152,2240
19.275,-99.143,2240
19.275,-99.134,2240
19.275,-99.125,2240
19.275,-99.116,2240
19.275,-99.107,2240
19.275,-99.098,2240
19.275,-99.089,2240
19.275,-99.08,2240
19.275,-99.071,2240
19.275,-99.062,2240
19.275,-99.053,2240
19.275,-99.044,2240
19.275,-99.035,2240
19.275,-99.026,2240
19.275,-99.017,2240
19.275,-99.008,2240
19.275,-98.999,2240
19.275,-98.99,2240
19.275,-98.981,2240
19.275,-98.972,2240
19.275,-98.963,2240
19.275,-98.954,2240
19.275,-98.945,2240
19.275,-98.936,2240
19.275,-98.927,2240
19.275,-98.918,2240
19.275,-98.909,2240
19.284,-99.35,2240
19.284,-99.341,2240
19.284,-99.332,2240
19.284,-99.323,2240
19.284,-99.314,2240
19.284,-99.305,2240
19.284,-99.296,2240
19.284,-99.287,2240
19.284,-99.278,2240
19.284,-99.269,2240
19.284,-99.26,2240
19.284,-99.251,2240
19.284,-99.242,2240
19.284,-99.233,2240
19.284,-99.224,2240
19.284,-99.215,2240
19.284,-99.206,2240
19.284,-99.197,2240
19.284,-99.188,2240
19.284,-99.179,2240
19.284,-99.17,2240
19.284,-99.161,2240
19.284,-99.152,2240
19.284,-99.143,2240
19.284,-99.134,2240
19.284,-99.125,2240
19.284,-99.116,2240
19.284,-99.107,2240
19.284,-99.098,2240
19.284,-99.089,2240
19.284,-99.08,2240
19.284,-99.071,2240
19.284,-99.062,2240
19.284,-99.053,2240
19.284,-99.044,2240
19.284,-99.035,2240
19.284,-99.026,2240
19.284,-99.017,2240
19.284,-99.008,2240
19.284,-98.999,2240
19.284,-98.99,2240
19.284,-98.981,2240
19.284,-98.972,2240
19.284,-98.963,2240
19.284,-98.954,2240
19.284,-98.945,2240
19.284,-98.936,2240
19.284,-98.927,2240
19.284,-98.918,2240
19.284,-98.909,2240
19.293,-99.35,2240
19.293,-99.341,2240
19.293,-99.332,2240
19.293,-99.323,2240
19.293,-99.314,2240
19.293,-99.305,2240
19.293,-99.296,2240
19.293,-99.287,2240
19.293,-99.278,2240
19.293,-99.269,2240
19.293,-99.26,2240
19.293,-99.251,2240
19.293,-99.242,2240
19.293,-99.233,2240
19.293,-99.224,2240
19.293,-99.215,2240
19.293,-99.206,2240
19.293,-99.197,2240
19.293,-99.188,2240
19.293,-99.179,2240
19.293,-99.17,2240
19.293,-99.161,2240
19.293,-99.152,2240
19.293,-99.143,2240
19.293,-99.134,2240
19.293,-99.125,2240
19.293,-99.116,2240
19.293,-99.107,2240
19.293,-99.098,2240
19.293,-99.089,2240
19.293,-99.08,2240
19.293,-99.071,2240
19.293,-99.062,2240
19.293,-99.053,2240
19.293,-99.044,2240
19.293,-99.035,2240
19.293,-99.026,2240
19.293,-99.017,2240
19.293,-99.008,2240
19.293,-98.999,2240
19.293,-98.99,2240
19.293,-98.981,2240
19.293,-98.972,2240
19.293,-98.963,2240
19.293,-98.954,2240
19.293,-98.945,2240
19.293,-98.936,2240
19.293,-98.927,2240
19.293,-98.918,2240
19.293,-98.909,2240
19.302,-99.35,2240
19.302,-99.341,2240
19.302,-99.332,2240
19.302,-99.323,2240
19.302,-99.314,2240
19.302,-99.305,2240
19.302,-99.296,2240
19.302,-99.287,2240
19.302,-99.278,2240
19.302,-99.269,2240
19.302,-99.26,2240
19.302,-99.251,2240
19.302,-99.242,2240
19.302,-99.233,2240
19.302,-99.224,2240
19.302,-99.215,2240
19.302,-99.206,2240
19.302,-99.197,2240
19.302,-99.188,2240
19.302,-99.179,2240
19.302,-99.17,2240
19.302,-99.161,2240
19.302,-99.152,2240
19.302,-99.143,2240
19.302,-99.134,2240
19.302,-99.125,2240
19.302,-99.116,2240
19.302,-99.107,2240
19.302,-99.098,2240
19.302,-99.089,2240
19.302,-99.08,2240
19.302,-99.071,2240
19.302,-99.062,2240
19.302,-99.053,2240
19.302,-99.044,2240
19.302,-99.035,2240
19.302,-99.026,2240
19.302,-99.017,2240
19.302,-99.008,2240
19.302,-98.999,2240
19.302,-98.99,2240
19.302,-98.981,2240
19.302,-98.972,2240
19.302,-98.963,2240
19.302,-98.954,2240
19.302,-98.945,2240
19.302,-98.936,2240
19.302,-98.927,2240
19.302,-98.918,2240
19.302,-98.909,2240
19.311,-99.35,2240
19.311,-99.341,2240
19.311,-99.332,2240
19.311,-99.323,2240
19.311,-99.314,2240
19.311,-99.305,2240
19.311,-99.296,2240
19.311,-99.287,2240
19.311,-99.278,2240
19.311,-99.269,2240
19.311,-99.26,2240
19.311,-99.251,2240
19.311,-99.242,2240
19.311,-99.233,2240
19.311,-99.224,2240
19.311,-99.215,2240
19.311,-99.206,2240
19.311,-99.197,2240
19.311,-99.188,2240
19.311,-99.179,2240
19.311,-99.17,2240
19.311,-99.161,2240
19.311,-99.152,2240
19.311,-99.143,2240
19.311,-99.134,2240
19.311,-99.125,2240
19.311,-99.116,2240
19.311,-99.107,2240
19.311,-99.098,2240
19.311,-99.089,2240
19.311,-99.08,2240
19.311,-99.071,2240
19.311,-99.062,2240
19.311,-99.053,2240
19.311,-99.044,2240
19.311,-99.035,2240
19.311,-99.026,2240
19.311,-99.017,2240
19.311,-99.008,2240
19.311,-98.999,2240
19.311,-98.99,2240
19.311,-98.981,2240
19.311,-98.972,2240
19.311,-98.963,2240
19.311,-98.954,2240
19.311,-98.945,2240
19.311,-98.936,2240
19.311,-98.927,2240
19.311,-98.918,2240
19.311,-98.909,2240
19.32,-99.35,2240
19.32,-99.341,2240
19.32,-99.332,2240
19.32,-99.323,2240
19.32,-99.314,2240
19.32,-99.305,2240
19.32,-99.296,2240
19.32,-99.287,2240
19.32,-99.278,2240
19.32,-99.269,2240
19.32,-99.26,2240
19.32,-99.251,2240
19.32,-99.242,2240
19.32,-99.233,2240
19.32,-99.224,2240
19.32,-99.215,2240
19.32,-99.206,2240
19.32,-99.197,2240
19.32,-99.188,2240
19.32,-99.179,2240
19.32,-99.17,2240
19.32,-99.161,2240
19.32,-99.152,2240
19.32,-99.143,2240
19.32,-99.134,2240
19.32,-99.125,2240
19.32,-99.116,2240
19.32,-99.107,2240
19.32,-99.098,2240
19.32,-99.089,2240
19.32,-99.08,2240
19.32,-99.071,2240
19.32,-99.062,2240
19.32,-99.053,2240
19.32,-99.044,2240
19.32,-99.035,2240
19.32,-99.026,2240
19.32,-99.017,2240
19.32,-99.008,2240
19.32,-98.999,2240
19.32,-98.99,2240
19.32,-98.981,2240
19.32,-98.972,2240
19.32,-98.963,2240
19.32,-98.954,2240
19.32,-98.945,2240
19.32,-98.936,2240
19.32,-98.927,2240
19.32,-98.918,2240
19.32,-98.909,2240
19.329,-99.35,2240
19.329,-99.341,2240
19.329,-99.332,2240
19.329,-99.323,2240
19.329,-99.314,2240
19.329,-99.305,2240
19.329,-99.296,2240
19.329,-99.287,2240
19.329,-99.278,2240
19.329,-99.269,2240
19.329,-99.26,2240
19.329,-99.251,2240
19.329,-99.242,2240
19.329,-99.233,2240
19.329,-99.224,2240
19.329,-99.215,2240
19.329,-99.206,2240
19.329,-99.197,2240
19.329,-99.188,2240
19.329,-99.179,2240
19.329,-99.17,2240
19.329,-99.161,2240
19.329,-99.152,2240
19.329,-99.143,2240
19.329,-99.134,2240
19.329,-99.125,2240
19.329,-99.116,2240
19.329,-99.107,2240
19.329,-99.098,2240
19.329,-99.089,2240
19.329,-99.08,2240
19.329,-99.071,2240
19.329,-99.062,2240
19.329,-99.053,2240
19.329,-99.044,2240
19.329,-99.035,2240
19.329,-99.026,2240
19.329,-99.017,2240
19.329,-99.008,2240
19.329,-98.999,2240
19.329,-98.99,2240
19.329,-98.981,2240
19.329,-98.972,2240
19.329,-98.963,2240
19.329,-98.954,2240
19.329,-98.945,2240
19.329,-98.936,2240
19.329,-98.927,2240
19.329,-98.918,2240
19.329,-98.909,2240
19.338,-99.35,2240
19.338,-99.341,2240
19.338,-99.332,2240
19.338,-99.323,2240
19.338,-99.314,2240
19.338,-99.305,2240
19.338,-99.296,2240
19.338,-99.287,2240
19.338,-99.278,2240
19.338,-99.269,2240
19.338,-99.26,2240
19.338,-99.251,2240
19.338,-99.242,2240
19.338,-99.233,2240
19.338,-99.224,2240
19.338,-99.215,2240
19.338,-99.206,2240
19.338,-99.197,2240
19.338,-99.188,2240
19.338,-99.179,2240
19.338,-99.17,2240
19.338,-99.161,2240
19.338,-99.152,2240
19.338,-99.143,2240
19.338,-99.134,2240
19.338,-99.125,2240
19.338,-99.116,2240
19.338,-99.107,2240
19.338,-99.098,2240
19.338,-99.089,2240
19.338,-99.08,2240
19.338,-99.071,2240
19.338,-99.062,2240
19.338,-99.053,2240
19.338,-99.044,2240
19.338,-99.035,2240
19.338,-99.026,2240
19.338,-99.017,2240
19.338,-99.008,2240
19.338,-98.999,2240
19.338,-98.99,2240
19.338,-98.981,2240
19.338,-98.972,2240
19.338,-98.963,2240
19.338,-98.954,2240
19.338,-98.945,2240
19.338,-98.936,2240
19.338,-98.927,2240
19.338,-98.918,2240
19.338,-98.909,2240
19.347,-99.35,2240
19.347,-99.341,2240
19.347,-99.332,2240
19.347,-99.323,2240
19.347,-99.314,2240
19.347,-99.305,2240
19.347,-99.296,2240
19.347,-99.287,2240
19.347,-99.278,2240
19.347,-99.269,2240
19.347,-99.26,2240
19.347,-99.251,2240
19.347,-99.242,2240
19.347,-99.233,2240
19.347,-99.224,2240
19.347,-99.215,2240
19.347,-99.206,2240
19.347,-99.197,2240
19.347,-99.188,2240
19.347,-99.179,2240
19.347,-99.17,2240
19.347,-99.161,2240
19.347,-99.152,2240
19.347,-99.143,2240
19.347,-99.134,2240
19.347,-99.125,2240
19.347,-99.116,2240
19.347,-99.107,2240
19.347,-99.098,2240
19.347,-99.089,2240
19.347,-99.08,2240
19.347,-99.071,2240
19.347,-99.062,2240
19.347,-99.053,2240
19.347,-99.044,2240
19.347,-99.035,2240
19.347,-99.026,2240
19.347,-99.017,2240
19.347,-99.008,2240
19.347,-98.999,2240
19.347,-98.99,2240
19.347,-98.981,2240
19.347,-98.972,2240
19.347,-98.963,2240
19.347,-98.954,2240
19.347,-98.945,2240
19.347,-98.936,2240
19.347,-98.927,2240
19.347,-98.918,2240
19.347,-98.909,2240
19.356,-99.35,2240
19.356,-99.341,2240
19.356,-99.332,2240
19.356,-99.323,2240
19.356,-99.314,2240
19.356,-99.305,2240
19.356,-99.296,2240
19.356,-99.287,2240
19.356,-99.278,2240
19.356,-99.269,2240
19.356,-99.26,2240
19.356,-99.251,2240
19.356,-99.242,2240
19.356,-99.233,2240
19.356,-99.224,2240
19.356,-99.215,2240
19.356,-99.206,2240
19.356,-99.197,2240
19.356,-99.188,2240
19.356,-99.179,2240
19.356,-99.17,2240
19.356,-99.161,2240
19.356,-99.152,2240
19.356,-99.143,2240
19.356,-99.134,2240
19.356,-99.125,2240
19.356,-99.116,2240
19.356,-99.107,2240
19.356,-99.098,2240
19.356,-99.089,2240
19.356,-99.08,2240
19.356,-99.071,2240
19.356,-99.062,2240
19.356,-99.053,2240
19.356,-99.044,2240
19.356,-99.035,2240
19.356,-99.026,2240
19.356,-99.017,2240
19.356,-99.008,2240
19.356,-98.999,2240
19.356,-98.99,2240
19.356,-98.981,2240
19.356,-98.972,2240
19.356,-98.963,2240
19.356,-98.954,2240
19.356,-98.945,2240
19.356,-98.936,2240
19.356,-98.927,2240
19.356,-98.918,2240
19.356,-98.909,2240
19.365,-99.35,2240
19.365,-99.341,2240
19.365,-99.332,2240
19.365,-99.323,2240
19.365,-99.314,2240
19.365,-99.305,2240
19.365,-99.296,2240
19.365,-99.287,2240
19.365,-99.278,2240
19.365,-99.269,2240
19.365,-99.26,2240
19.365,-99.251,2240
19.365,-99.242,2240
19.365,-99.233,2240
19.365,-99.224,2240
19.365,-99.215,2240
19.365,-99.206,2240
19.365,-99.197,2240
19.365,-99.188,2240
19.365,-99.179,2240
19.365,-99.17,2240
19.365,-99.161,2240
19.365,-99.152,2240
19.365,-99.143,2240
19.365,-99.134,2240
19.365,-99.125,2240
19.365,-99.116,2240
19.365,-99.107,2240
19.365,-99.098,2240
19.365,-99.089,2240
19.365,-99.08,2240
19.365,-99.071,2240
19.365,-99.062,2240
19.365,-99.053,2240
19.365,-99.044,2240
19.365,-99.035,2240
19.365,-99.026,2240
19.365,-99.017,2240
19.365,-99.008,2240
19.365,-98.999,2240
19.365,-98.99,2240
19.365,-98.981,2240
19.365,-98.972,2240
19.365,-98.963,2240
19.365,-98.954,2240
19.365,-98.945,2240
19.365,-98.936,2240
19.365,-98.927,2240
19.365,-98.918,2240
19.365,-98.909,2240
19.374,-99.35,2240
19.374,-99.341,2240
19.374,-99.332,2240
19.374,-99.323,2240
19.374,-99.314,2240
19.374,-99.305,2240
19.374,-99.296,2240
19.374,-99.287,2240
19.374,-99.278,2240
19.374,-99.269,2240
19.374,-99.26,2240
19.374,-99.251,2240
19.374,-99.242,2240
19.374,-99.233,2240
19.374,-99.224,2240
19.374,-99.215,2240
19.374,-99.206,2240
19.374,-99.197,2240
19.374,-99.188,2240
19.374,-99.179,2240
19.374,-99.17,2240
19.374,-99.161,2240
19.374,-99.152,2240
19.374,-99.143,2240
19.374,-99.134,2240
19.374,-99.125,2240
19.374,-99.116,2240
19.374,-99.107,2240
19.374,-99.098,2240
19.374,-99.089,2240
19.374,-99.08,2240
19.374,-99.071,2240
19.374,-99.062,2240
19.374,-99.053,2240
19.374,-99.044,2240
19.374,-99.035,2240
19.374,-99.026,2240
19.374,-99.017,2240
19.374,-99.008,2240
19.374,-98.999,2240
19.374,-98.99,2240
19.374,-98.981,2240
19.374,-98.972,2240
19.374,-98.963,2240
19.374,-98.954,2240
19.374,-98.945,2240
19.374,-98.936,2240
19.374,-98.927,2240
19.374,-98.918,2240
19.374,-98.909,2240
19.383,-99.35,2240
19.383,-99.341,2240
19.383,-99.332,2240
19.383,-99.323,2240
19.383,-99.314,2240
19.383,-99.305,2240
19.383,-99.296,2240
19.383,-99.287,2240
19.383,-99.278,2240
19.383,-99.269,2240
19.383,-99.26,2240
19.383,-99.251,2240
19.383,-99.242,2240
19.383,-99.233,2240
19.383,-99.224,2240
19.383,-99.215,2240
19.383,-99.206,2240
19.383,-99.197,2240
19.383,-99.188,2240
19.383,-99.179,2240
19.383,-99.17,2240
19.383,-99.161,2240
19.383,-99.152,2240
19.383,-99.143,2240
19.383,-99.134,2240
19.383,-99.125,2240
19.383,-99.116,2240
19.383,-99.107,2240
19.383,-99.098,2240
19.383,-99.089,2240
19.383,-99.08,2240
19.383,-99.071,2240
19.383,-99.062,2240
19.383,-99.053,2240
19.383,-99.044,2240
19.383,-99.035,2240
19.383,-99.026,2240
19.383,-99.017,2240
19.383,-99.008,2240
19.383,-98.999,2240
19.383,-98.99,2240
19.383,-98.981,2240
19.383,-98.972,2240
19.383,-98.963,2240
19.383,-98.954,2240
19.383,-98.945,2240
19.383,-98.936,2240
19.383,-98.927,2240
19.383,-98.918,2240
19.383,-98.909,2240
19.392,-99.35,2240
19.392,-99.341,2240
19.392,-99.332,2240
19.392,-99.323,2240
19.392,-99.314,2240
19.392,-99.305,2240
19.392,-99.296,2240
19.392,-99.287,2240
19.392,-99.278,2240
19.392,-99.269,2240
19.392,-99.26,2240
19.392,-99.251,2240
19.392,-99.242,2240
19.392,-99.233,2240
19.392,-99.224,2240
19.392,-99.215,2240
19.392,-99.206,2240
19.392,-99.197,2240
19.392,-99.188,2240
19.392,-99.179,2240
19.392,-99.17,2240
19.392,-99.161,2240
19.392,-99.152,2240
19.392,-99.143,2240
19.392,-99.134,2240
19.392,-99.125,2240
19.392,-99.116,2240
19.392,-99.107,2240
19.392,-99.098,2240
19.392,-99.089,2240
19.392,-99.08,2240
19.392,-99.071,2240
19.392,-99.062,2240
19.392,-99.053,2240
19.392,-99.044,2240
19.392,-99.035,2240
19.392,-99.026,2240
19.392,-99.017,2240
19.392,-99.008,2240
19.392,-98.999,2240
19.392,-98.99,2240
19.392,-98.981,2240
19.392,-98.972,2240
19.392,-98.963,2240
19.392,-98.954,2240
19.392,-98.945,2240
19.392,-98.936,2240
19.392,-98.927,2240
19.392,-98.918,2240
19.392,-98.909,2240
19.401,-99.35,2240
19.401,-99.341,2240
19.401,-99.332,2240
19.401,-99.323,2240
19.401,-99.314,2240
19.401,-99.305,2240
19.401,-99.296,2240
19.401,-99.287,2240
19.401,-99.278,2240
19.401,-99.269,2240
19.401,-99.26,2240
19.401,-99.251,2240
19.401,-99.242,2240
19.401,-99.233,2240
19.401,-99.224,2240
19.401,-99.215,2240
19.401,-99.206,2240
19.401,-99.197,2240
19.401,-99.188,2240
19.401,-99.179,2240
19.401,-99.17,2240
19.401,-99.161,2240
19.401,-99.152,2240
19.401,-99.143,2240
19.401,-99.134,2240
19.401,-99.125,2240
19.401,-99.116,2240
19.401,-99.107,2240
19.401,-99.098,2240
19.401,-99.089,2240
19.401,-99.08,2240
19.401,-99.071,2240
19.401,-99.062,2240
19.401,-99.053,2240
19.401,-99.044,2240
19.401,-99.035,2240
19.401,-99.026,2240
19.401,-99.017,2240
19.401,-99.008,2240
19.401,-98.999,2240
19.401,-98.99,2240
19.401,-98.981,2240
19.401,-98.972,2240
19.401,-98.963,2240
19.401,-98.954,2240
19.401,-98.945,2240
19.401,-98.936,2240
19.401,-98.927,2240
19.401,-98.918,2240
19.401,-98.909,2240
19.41,-99.35,2240
19.41,-99.341,2240
19.41,-99.332,2240
19.41,-99.323,2240
19.41,-99.314,2240
19.41,-99.305,2240
19.41,-99.296,2240
19.41,-99.287,2240
19.41,-99.278,2240
19.41,-99.269,2240
19.41,-99.26,2240
19.41,-99.251,2240
19.41,-99.242,2240
19.41,-99.233,2240
19.41,-99.224,2240
19.41,-99.215,2240
19.41,-99.206,2240
19.41,-99.197,2240
19.41,-99.188,2240
19.41,-99.179,2240
19.41,-99.17,2240
19.41,-99.161,2240
19.41,-99.152,2240
19.41,-99.143,2240
19.41,-99.134,2240
19.41,-99.125,2240
19.41,-99.116,2240
19.41,-99.107,2240
19.41,-99.098,2240
19.41,-99.089,2240
19.41,-99.08,2240
19.41,-99.071,2240
19.41,-99.062,2240
19.41,-99.053,2240
19.41,-99.044,2240
19.41,-99.035,2240
19.41,-99.026,2240
19.41,-99.017,2240
19.41,-99.008,2240
19.41,-98.999,2240
19.41,-98.99,2240
19.41,-98.981,2240
19.41,-98.972,2240
19.41,-98.963,2240
19.41,-98.954,2240
19.41,-98.945,2240
19.41,-98.936,2240
19.41,-98.927,2240
19.41,-98.918,2240
19.41,-98.909,2240
19.419,-99.35,2240
19.419,-99.341,2240
19.419,-99.332,2240
19.419,-99.323,2240
19.419,-99.314,2240
19.419,-99.305,2240
19.419,-99.296,2240
19.419,-99.287,2240
19.419,-99.278,2240
19.419,-99.269,2240
19.419,-99.26,2240
19.419,-99.251,2240
19.419,-99.242,2240
19.419,-99.233,2240
19.419,-99.224,2240
19.419,-99.215,2240
19.419,-99.206,2240
19.419,-99.197,2240
19.419,-99.188,2240
19.419,-99.179,2240
19.419,-99.17,2240
19.419,-99.161,2240
19.419,-99.152,2240
19.419,-99.143,2240
19.419,-99.134,2240
19.419,-99.125,2240
19.419,-99.116,2240
19.419,-99.107,2240
19.419,-99.098,2240
19.419,-99.089,2240
19.419,-99.08,2240
19.419,-99.071,2240
19.419,-99.062,2240
19.419,-99.053,2240
19.419,-99.044,2240
19.419,-99.035,2240
19.419,-99.026,2240
19.419,-99.017,2240
19.419,-99.008,2240
19.419,-98.999,2240
19.419,-98.99,2240
19.419,-98.981,2240
19.419,-98.972,2240
19.419,-98.963,2240
19.419,-98.954,2240
19.419,-98.945,2240
19.419,-98.936,2240
19.419,-98.927,2240
19.419,-98.918,2240
19.419,-98.909,2240
19.428,-99.35,2240
19.428,-99.341,2240
19.428,-99.332,2240
19.428,-99.323,2240
19.428,-99.314,2240
19.428,-99.305,2240
19.428,-99.296,2240
19.428,-99.287,2240
19.428,-99.278,2240
19.428,-99.269,2240
19.428,-99.26,2240
19.428,-99.251,2240
19.428,-99.242,2240
19.428,-99.233,2240
19.428,-99.224,2240
19.428,-99.215,2240
19.428,-99.206,2240
19.428,-99.197,2240
19.428,-99.188,2240
19.428,-99.179,2240
19.428,-99.17,2240
19.428,-99.161,2240
19.428,-99.152,2240
19.428,-99.143,2240
19.428,-99.134,2240
19.428,-99.125,2240
19.428,-99.116,2240
19.428,-99.107,2240
19.428,-99.098,2240
19.428,-99.089,2240
19.428,-99.08,2240
19.428,-99.071,2240
19.428,-99.062,2240
19.428,-99.053,2240
19.428,-99.044,2240
19.428,-99.035,2240
19.428,-99.026,2240
19.428,-99.017,2240
19.428,-99.008,2240
19.428,-98.999,2240
19.428,-98.99,2240
19.428,-98.981,2240
19.428,-98.972,2240
19.428,-98.963,2240
19.428,-98.954,2240
19.428,-98.945,2240
19.428,-98.936,2240
19.428,-98.927,2240
19.428,-98.918,2240
19.428,-98.909,2240
19.437,-99.35,2240
19.437,-99.341,2240
19.437,-99.332,2240
19.437,-99.323,2240
19.437,-99.314,2240
19.437,-99.305,2240
19.437,-99.296,2240
19.437,-99.287,2240
19.437,-99.278,2240
19.437,-99.269,2240
19.437,-99.26,2240
19.437,-99.251,2240
19.437,-99.242,2240
19.437,-99.233,2240
19.437,-99.224,2240
19.437,-99.215,2240
19.437,-99.206,2240
19.437,-99.197,2240
19.437,-99.188,2240
19.437,-99.179,2240
19.437,-99.17,2240
19.437,-99.161,2240
19.437,-99.152,2240
19.437,-99.143,2240
19.437,-99.134,2240
19.437,-99.125,2240
19.437,-99.116,2240
19.437,-99.107,2240
19.437,-99.098,2240
19.437,-99.089,2240
19.437,-99.08,2240
19.437,-99.071,2240
19.437,-99.062,2240
19.437,-99.053,2240
19.437,-99.044,2240
19.437,-99.035,2240
19.437,-99.026,2240
19.437,-99.017,2240
19.437,-99.008,2240
19.437,-98.999,2240
19.437,-98.99,2240
19.437,-98.981,2240
19.437,-98.972,2240
19.437,-98.963,2240
19.437,-98.954,2240
19.437,-98.945,2240
19.437,-98.936,2240
19.437,-98.927,2240
19.437,-98.918,2240
19.437,-98.909,2240
19.446,-99.35,2240
19.446,-99.341,2240
19.446,-99.332,2240
19.446,-99.323,2240
19.446,-99.314,2240
19.446,-99.305,2240
19.446,-99.296,2240
19.446,-99.287,2240
19.446,-99.278,2240
19.446,-99.269,2240
19.446,-99.26,2240
19.446,-99.251,2240
19.446,-99.242,2240
19.446,-99.233,2240
19.446,-99.224,2240
19.446,-99.215,2240
19.446,-99.206,2240
19.446,-99.197,2240
19.446,-99.188,2240
19.446,-99.179,2240
19.446,-99.17,2240
19.446,-99.161,2240
19.446,-99.152,2240
19.446,-99.143,2240
19.446,-99.134,2240
19.446,-99.125,2240
19.446,-99.116,2240
19.446,-99.107,2240
19.446,-99.098,2240
19.446,-99.089,2240
19.446,-99.08,2240
19.446,-99.071,2240
19.446,-99.062,2240
19.446,-99.053,2240
19.446,-99.044,2240
19.446,-99.035,2240
19.446,-99.026,2240
19.446,-99.017,2240
19.446,-99.008,2240
19.446,-98.999,2240
19.446,-98.99,2240
19.446,-98.981,2240
19.446,-98.972,2240
19.446,-98.963,2240
19.446,-98.954,2240
19.446,-98.945,2240
19.446,-98.936,2240
19.446,-98.927,2240
19.446,-98.918,2240
19.446,-98.909,2240
19.455,-99.35,2240
19.455,-99.341,2240
19.455,-99.332,2240
19.455,-99.323,2240
19.455,-99.314,2240
19.455,-99.305,2240
19.455,-99.296,2240
19.455,-99.287,2240
19.455,-99.278,2240
19.455,-99.269,2240
19.455,-99.26,2240
19.455,-99.251,2240
19.455,-99.242,2240
19.455,-99.233,2240
19.455,-99.224,2240
19.455,-99.215,2240
19.455,-99.206,2240
19.455,-99.197,2240
19.455,-99.188,2240
19.455,-99.179,2240
19.455,-99.17,2240
19.455,-99.161,2240
19.455,-99.152,2240
19.455,-99.143,2240
19.455,-99.134,2240
19.455,-99.125,2240
19.455,-99.116,2240
19.455,-99.107,2240
19.455,-99.098,2240
19.455,-99.089,2240
19.455,-99.08,2240
19.455,-99.071,2240
19.455,-99.062,2240
19.455,-99.053,2240
19.455,-99.044,2240
19.455,-99.035,2240
19.455,-99.026,2240
19.455,-99.017,2240
19.455,-99.008,2240
19.455,-98.999,2240
19.455,-98.99,2240
19.455,-98.981,2240
19.455,-98.972,2240
19.455,-98.963,2240
19.455,-98.954,2240
19.455,-98.945,2240
19.455,-98.936,2240
19.455,-98.927,2240
19.455,-98.918,2240
19.455,-98.909,2240
19.464,-99.35,2240
19.464,-99.341,2240
19.464,-99.332,2240
19.464,-99.323,2240
19.464,-99.314,2240
19.464,-99.305,2240
19.464,-99.296,2240
19.464,-99.287,2240
19.464,-99.278,2240
19.464,-99.269,2240
19.464,-99.26,2240
19.464,-99.251,2240
19.464,-99.242,2240
19.464,-99.233,2240
19.464,-99.224,2240
19.464,-99.215,2240
19.464,-99.206,2240
19.464,-99.197,2240
19.464,-99.188,2240
19.464,-99.179,2240
19.464,-99.17,2240
19.464,-99.161,2240
19.464,-99.152,2240
19.464,-99.143,2240
19.464,-99.134,2240
19.464,-99.125,2240
19.464,-99.116,2240
19.464,-99.107,2240
19.464,-99.098,2240
19.464,-99.089,2240
19.464,-99.08,2240
19.464,-99.071,2240
19.464,-99.062,2240
19.464,-99.053,2240
19.464,-99.044,2240
19.464,-99.035,2240
19.464,-99.026,2240
19.464,-99.017,2240
19.464,-99.008,2240
19.464,-98.999,2240
19.464,-98.99,2240
19.464,-98.981,2240
19.464,-98.972,2240
19.464,-98.963,2240
19.464,-98.954,2240
19.464,-98.945,2240
19.464,-98.936,2240
19.464,-98.927,2240
19.464,-98.918,2240
19.464,-98.909,2240
19.473,-99.35,2240
19.473,-99.341,2240
19.473,-99.332,2240
19.473,-99.323,2240
19.473,-99.314,2240
19.473,-99.305,2240
19.473,-99.296,2240
19.473,-99.287,2240
19.473,-99.278,2240
19.473,-99.269,2240
19.473,-99.26,2240
19.473,-99.251,2240
19.473,-99.242,2240
19.473,-99.233,2240
19.473,-99.224,2240
19.473,-99.215,2240
19.473,-99.206,2240
19.473,-99.197,2240
19.473,-99.188,2240
19.473,-99.179,2240
19.473,-99.17,2240
19.473,-99.161,2240
19.473,-99.152,2240
19.473,-99.143,2240
19.473,-99.134,2240
19.473,-99.125,2240
19.473,-99.116,2240
19.473,-99.107,2240
19.473,-99.098,2240
19.473,-99.089,2240
19.473,-99.08,2240
19.473,-99.071,2240
19.473,-99.062,2240
19.473,-99.053,2240
19.473,-99.044,2240
19.473,-99.035,2240
19.473,-99.026,2240
19.473,-99.017,2240
19.473,-99.008,2240
19.473,-98.999,2240
19.473,-98.99,2240
19.473,-98.981,2240
19.473,-98.972,2240
19.473,-98.963,2240
19.473,-98.954,2240
19.473,-98.945,2240
19.473,-98.936,2240
19.473,-98.927,2240
19.473,-98.918,2240
19.473,-98.909,2240
19.482,-99.35,2240
19.482,-99.341,2240
19.482,-99.332,2240
19.482,-99.323,2240
19.482,-99.314,2240
19.482,-99.305,2240
19.482,-99.296,2240
19.482,-99.287,2240
19.482,-99.278,2240
19.482,-99.269,2240
19.482,-99.26,2240
19.482,-99.251,2240
19.482,-99.242,2240
19.482,-99.233,2240
19.482,-99.224,2240
19.482,-99.215,2240
19.482,-99.206,2240
19.482,-99.197,2240
19.482,-99.188,2240
19.482,-99.179,2240
19.482,-99.17,2240
19.482,-99.161,2240
19.482,-99.152,2240
19.482,-99.143,2240
19.482,-99.134,2240
19.482,-99.125,2240
19.482,-99.116,2240
19.482,-99.107,2240
19.482,-99.098,2240
19.482,-99.089,2240
19.482,-99.08,2240
19.482,-99.071,2240
19.482,-99.062,2240
19.482,-99.053,2240
19.482,-99.044,2240
19.482,-99.035,2240
19.482,-99.026,2240
19.482,-99.017,2240
19.482,-99.008,2240
19.482,-98.999,2240
19.482,-98.99,2240
19.482,-98.981,2240
19.482,-98.972,2240
19.482,-98.963,2240
19.482,-98.954,2240
19.482,-98.945,2240
19.482,-98.936,2240
19.482,-98.927,2240
19.482,-98.918,2240
19.482,-98.909,2240
19.491,-99.35,2240
19.491,-99.341,2240
19.491,-99.332,2240
19.491,-99.323,2240
19.491,-99.314,2240
19.491,-99.305,2240
19.491,-99.296,2240
19.491,-99.287,2240
19.491,-99.278,2240
19.491,-99.269,2240
19.491,-99.26,2240
19.491,-99.251,2240
19.491,-99.242,2240
19.491,-99.233,2240
19.491,-99.224,2240
19.491,-99.215,2240
19.491,-99.206,2240
19.491,-99.197,2240
19.491,-99.188,2240
19.491,-99.179,2240
19.491,-99.17,2240
19.491,-99.161,2240
19.491,-99.152,2240
19.491,-99.143,2240
19.491,-99.134,2240
19.491,-99.125,2240
19.491,-99.116,2240
19.491,-99.107,2240
19.491,-99.098,2240
19.491,-99.089,2240
19.491,-99.08,2240
19.491,-99.071,2240
19.491,-99.062,2240
19.491,-99.053,2240
19.491,-99.044,2240
19.491,-99.035,2240
19.491,-99.026,2240
19.491,-99.017,2240
19.491,-99.008,2240
19.491,-98.999,2240
19.491,-98.99,2240
19.491,-98.981,2240
19.491,-98.972,2240
19.491,-98.963,2240
19.491,-98.954,2240
19.491,-98.945,2240
19.491,-98.936,2240
19.491,-98.927,2240
19.491,-98.918,2240
19.491,-98.909,2240
19.5,-99.35,2240
19.5,-99.341,2240
19.5,-99.332,2240
19.5,-99.323,2240
19.5,-99.314,2240
19.5,-99.305,2240
19.5,-99.296,2240
19.5,-99.287,2240
19.5,-99.278,2240
19.5,-99.269,2240
19.5,-99.26,2240
19.5,-99.251,2240
19.5,-99.242,2240
19.5,-99.233,2240
19.5,-99.224,2240
19.5,-99.215,2240
19.5,-99.206,2240
19.5,-99.197,2240
19.5,-99.188,2240
19.5,-99.179,2240
19.5,-99.17,2240
19.5,-99.161,2240
19.5,-99.152,2240
19.5,-99.143,2240
19.5,-99.134,2240
19.5,-99.125,2240
19.5,-99.116,2240
19.5,-99.107,2240
19.5,-99.098,2240
19.5,-99.089,2240
19.5,-99.08,2240
19.5,-99.071,2240
19.5,-99.062,2240
19.5,-99.053,2240
19.5,-99.044,2240
19.5,-99.035,2240
19.5,-99.026,2240
19.5,-99.017,2240
19.5,-99.008,2240
19.5,-98.999,2240
19.5,-98.99,2240
19.5,-98.981,2240
19.5,-98.972,2240
19.5,-98.963,2240
19.5,-98.954,2240
19.5,-98.945,2240
19.5,-98.936,2240
19.5,-98.927,2240
19.5,-98.918,2240
19.5,-98.909,2240
19.509,-99.35,2240
19.509,-99.341,2240
19.509,-99.332,2240
19.509,-99.323,2240
19.509,-99.314,2240
19.509,-99.305,2240
19.509,-99.296,2240
19.509,-99.287,2240
19.509,-99.278,2240
19.509,-99.269,2240
19.509,-99.26,2240
19.509,-99.251,2240
19.509,-99.242,2240
19.509,-99.233,2240
19.509,-99.224,2240
19.509,-99.215,2240
19.509,-99.206,2240
19.509,-99.197,2240
19.509,-99.188,2240
19.509,-99.179,2240
19.509,-99.17,2240
19.509,-99.161,2240
19.509,-99.152,2240
19.509,-99.143,2240
19.509,-99.134,2240
19.509,-99.125,2240
19.509,-99.116,2240
19.509,-99.107,2240
19.509,-99.098,2240
19.509,-99.089,2240
19.509,-99.08,2240
19.509,-99.071,2240
19.509,-99.062,2240
19.509,-99.053,2240
19.509,-99.044,2240
19.509,-99.035,2240
19.509,-99.026,2240
19.509,-99.017,2240
19.509,-99.008,2240
19.509,-98.999,2240
19.509,-98.99,2240
19.509,-98.981,2240
19.509,-98.972,2240
19.509,-98.963,2240
19.509,-98.954,2240
19.509,-98.945,2240
19.509,-98.936,2240
19.509,-98.927,2240
19.509,-98.918,2240
19.509,-98.909,2240
19.518,-99.35,2240
19.518,-99.341,2240
19.518,-99.332,2240
19.518,-99.323,2240
19.518,-99.314,2240
19.518,-99.305,2240
19.518,-99.296,2240
19.518,-99.287,2240
19.518,-99.278,2240
19.518,-99.269,2240
19.518,-99.26,2240
19.518,-99.251,2240
19.518,-99.242,2240
19.518,-99.233,2240
19.518,-99.224,2240
19.518,-99.215,2240
19.518,-99.206,2240
19.518,-99.197,2240
19.518,-99.188,2240
19.518,-99.179,2240
19.518,-99.17,2240
19.518,-99.161,2240
19.518,-99.152,2240
19.518,-99.143,2240
19.518,-99.134,2240
19.518,-99.125,2240
19.518,-99.116,2240
19.518,-99.107,2240
19.518,-99.098,2240
19.518,-99.089,2240
19.518,-99.08,2240
19.518,-99.071,2240
19.518,-99.062,2240
19.518,-99.053,2240
19.518,-99.044,2240
19.518,-99.035,2240
19.518,-99.026,2240
19.518,-99.017,2240
19.518,-99.008,2240
19.518,-98.999,2240
19.518,-98.99,2240
19.518,-98.981,2240
19.518,-98.972,2240
19.518,-98.963,2240
19.518,-98.954,2240
19.518,-98.945,2240
19.518,-98.936,2240
19.518,-98.927,2240
19.518,-98.918,2240
19.518,-98.909,2240
19.527,-99.35,2240
19.527,-99.341,2240
19.527,-99.332,2240
19.527,-99.323,2240
19.527,-99.314,2240
19.527,-99.305,2240
19.527,-99.296,2240
19.527,-99.287,2240
19.527,-99.278,2240
19.527,-99.269,2240
19.527,-99.26,2240
19.527,-99.251,2240
19.527,-99.242,2240
19.527,-99.233,2240
19.527,-99.224,2240
19.527,-99.215,2240
19.527,-99.206,2240
19.527,-99.197,2240
19.527,-99.188,2240
19.527,-99.179,2240
19.527,-99.17,2240
19.527,-99.161,2240
19.527,-99.152,2240
19.527,-99.143,2240
19.527,-99.134,2240
19.527,-99.125,2240
19.527,-99.116,2240
19.527,-99.107,2240
19.527,-99.098,2240
19.527,-99.089,2240
19.527,-99.08,2240
19.527,-99.071,2240
19.527,-99.062,2240
19.527,-99.053,2240
19.527,-99.044,2240
19.527,-99.035,2240
19.527,-99.026,2240
19.527,-99.017,2240
19.527,-99.008,2240
19.527,-98.999,2240
19.527,-98.99,2240
19.527,-98.981,2240
19.527,-98.972,2240
19.527,-98.963,2240
19.527,-98.954,2240
19.527,-98.945,2240
19.527,-98.936,2240
19.527,-98.927,2240
19.527,-98.918,2240
19.527,-98.909,2240
19.536,-99.35,2240
19.536,-99.341,2240
19.536,-99.332,2240
19.536,-99.323,2240
19.536,-99.314,2240
19.536,-99.305,2240
19.536,-99.296,2240
19.536,-99.287,2240
19.536,-99.278,2240
19.536,-99.269,2240
19.536,-99.26,2240
19.536,-99.251,2240
19.536,-99.242,2240
19.536,-99.233,2240
19.536,-99.224,2240
19.536,-99.215,2240
19.536,-99.206,2240
19.536,-99.197,2240
19.536,-99.188,2240
19.536,-99.179,2240
19.536,-99.17,2240
19.536,-99.161,2240
19.536,-99.152,2240
19.536,-99.143,2240
19.536,-99.134,2240
19.536,-99.125,2240
19.536,-99.116,2240
19.536,-99.107,2240
19.536,-99.098,2240
19.536,-99.089,2240
19.536,-99.08,2240
19.536,-99.071,2240
19.536,-99.062,2240
19.536,-99.053,2240
19.536,-99.044,2240
19.536,-99.035,2240
19.536,-99.026,2240
19.536,-99.017,2240
19.536,-99.008,2240
19.536,-98.999,2240
19.536,-98.99,2240
19.536,-98.981,2240
19.536,-98.972,2240
19.536,-98.963,2240
19.536,-98.954,2240
19.536,-98.945,2240
19.536,-98.936,2240
19.536,-98.927,2240
19.536,-98.918,2240
19.536,-98.909,2240
19.545,-99.35,2240
19.545,-99.341,2240
19.545,-99.332,2240
19.545,-99.323,2240
19.545,-99.314,2240
19.545,-99.305,2240
19.545,-99.296,2240
19.545,-99.287,2240
19.545,-99.278,2240
19.545,-99.269,2240
19.545,-99.26,2240
19.545,-99.251,2240
19.545,-99.242,2240
19.545,-99.233,2240
19.545,-99.224,2240
19.545,-99.215,2240
19.545,-99.206,2240
19.545,-99.197,2240
19.545,-99.188,2240
19.545,-99.179,2240
19.545,-99.17,2240
19.545,-99.161,2240
19.545,-99.152,2240
19.545,-99.143,2240
19.545,-99.134,2240
19.545,-99.125,2240
19.545,-99.116,2240
19.545,-99.107,2240
19.545,-99.098,2240
19.545,-99.089,2240
19.545,-99.08,2240
19.545,-99.071,2240
19.545,-99.062,2240
19.545,-99.053,2240
19.545,-99.044,2240
19.545,-99.035,2240
19.545,-99.026,2240
19.545,-99.017,2240
19.545,-99.008,2240
19.545,-98.999,2240
19.545,-98.99,2240
19.545,-98.981,2240
19.545,-98.972,2240
19.545,-98.963,2240
19.545,-98.954,2240
19.545,-98.945,2240
19.545,-98.936,2240
19.545,-98.927,2240
19.545,-98.918,2240
19.545,-98.909,2240
19.554,-99.35,2240
19.554,-99.341,2240
19.554,-99.332,2240
19.554,-99.323,2240
19.554,-99.314,2240
19.554,-99.305,2240
19.554,-99.296,2240
19.554,-99.287,2240
19.554,-99.278,2240
19.554,-99.269,2240
19.554,-99.26,2240
19.554,-99.251,2240
19.554,-99.242,2240
19.554,-99.233,2240
19.554,-99.224,2240
19.554,-99.215,2240
19.554,-99.206,2240
19.554,-99.197,2240
19.554,-99.188,2240
19.554,-99.179,2240
19.554,-99.17,2240
19.554,-99.161,2240
19.554,-99.152,2240
19.554,-99.143,2240
19.554,-99.134,2240
19.554,-99.125,2240
19.554,-99.116,2240
19.554,-99.107,2240
19.554,-99.098,2240
19.554,-99.089,2240
19.554,-99.08,2240
19.554,-99.071,2240
19.554,-99.062,2240
19.554,-99.053,2240
19.554,-99.044,2240
19.554,-99.035,2240
19.554,-99.026,2240
19.554,-99.017,2240
19.554,-99.008,2240
19.554,-98.999,2240
19.554,-98.99,2240
19.554,-98.981,2240
19.554,-98.972,2240
19.554,-98.963,2240
19.554,-98.954,2240
19.554,-98.945,2240
19.554,-98.936,2240
19.554,-98.927,2240
19.554,-98.918,2240
19.554,-98.909,2240
19.563,-99.35,2240
19.563,-99.341,2240
19.563,-99.332,2240
19.563,-99.323,2240
19.563,-99.314,2240
19.563,-99.305,2240
19.563,-99.296,2240
19.563,-99.287,2240
19.563,-99.278,2240
19.563,-99.269,2240
19.563,-99.26,2240
19.563,-99.251,2240
19.563,-99.242,2240
19.563,-99.233,2240
19.563,-99.224,2240
19.563,-99.215,2240
19.563,-99.206,2240
19.563,-99.197,2240
19.563,-99.188,2240
19.563,-99.179,2240
19.563,-99.17,2240
19.563,-99.161,2240
19.563,-99.152,2240
19.563,-99.143,2240
19.563,-99.134,2240
19.563,-99.125,2240
19.563,-99.116,2240
19.563,-99.107,2240
19.563,-99.098,2240
19.563,-99.089,2240
19.563,-99.08,2240
19.563,-99.071,2240
19.563,-99.062,2240
19.563,-99.053,2240
19.563,-99.044,2240
19.563,-99.035,2240
19.563,-99.026,2240
19.563,-99.017,2240
19.563,-99.008,2240
19.563,-98.999,2240
19.563,-98.99,2240
19.563,-98.981,2240
19.563,-98.972,2240
19.563,-98.963,2240
19.563,-98.954,2240
19.563,-98.945,2240
19.563,-98.936,2240
19.563,-98.927,2240
19.563,-98.918,2240
19.563,-98.909,2240
19.572,-99.35,2240
19.572,-99.341,2240
19.572,-99.332,2240
19.572,-99.323,2240
19.572,-99.314,2240
19.572,-99.305,2240
19.572,-99.296,2240
19.572,-99.287,2240
19.572,-99.278,2240
19.572,-99.269,2240
19.572,-99.26,2240
19.572,-99.251,2240
19.572,-99.242,2240
19.572,-99.233,2240
19.572,-99.224,2240
19.572,-99.215,2240
19.572,-99.206,2240
19.572,-99.197,2240
19.572,-99.188,2240
19.572,-99.179,2240
19.572,-99.17,2240
19.572,-99.161,2240
19.572,-99.152,2240
19.572,-99.143,2240
19.572,-99.134,2240
19.572,-99.125,2240
19.572,-99.116,2240
19.572,-99.107,2240
19.572,-99.098,2240
19.572,-99.089,2240
19.572,-99.08,2240
19.572,-99.071,2240
19.572,-99.062,2240
19.572,-99.053,2240
19.572,-99.044,2240
19.572,-99.035,2240
19.572,-99.026,2240
19.572,-99.017,2240
19.572,-99.008,2240
19.572,-98.999,2240
19.572,-98.99,2240
19.572,-98.981,2240
19.572,-98.972,2240
19.572,-98.963,2240
19.572,-98.954,2240
19.572,-98.945,2240
19.572,-98.936,2240
19.572,-98.927,2240
19.572,-98.918,2240
19.572,-98.909,2240
19.581,-99.35,2240
19.581,-99.341,2240
19.581,-99.332,2240
19.581,-99.323,2240
19.581,-99.314,2240
19.581,-99.305,2240
19.581,-99.296,2240
19.581,-99.287,2240
19.581,-99.278,2240
19.581,-99.269,2240
19.581,-99.26,2240
19.581,-99.251,2240
19.581,-99.242,2240
19.581,-99.233,2240
19.581,-99.224,2240
19.581,-99.215,2240
19.581,-99.206,2240
19.581,-99.197,2240
19.581,-99.188,2240
19.581,-99.179,2240
19.581,-99.17,2240
19.581,-99.161,2240
19.581,-99.152,2240
19.581,-99.143,2240
19.581,-99.134,2240
19.581,-99.125,2240
19.581,-99.116,2240
19.581,-99.107,2240
19.581,-99.098,2240
19.581,-99.089,2240
19.581,-99.08,2240
19.581,-99.071,2240
19.581,-99.062,2240
19.581,-99.053,2240
19.581,-99.044,2240
19.581,-99.035,2240
19.581,-99.026,2240
19.581,-99.017,2240
19.581,-99.008,2240
19.581,-98.999,2240
19.581,-98.99,2240
19.581,-98.981,2240
19.581,-98.972,2240
19.581,-98.963,2240
19.581,-98.954,2240
19.581,-98.945,2240
19.581,-98.936,2240
19.581,-98.927,2240
19.581,-98.918,2240
19.581,-98.909,2240
19.59,-99.35,2240
19.59,-99.341,2240
19.59,-99.332,2240
19.59,-99.323,2240
19.59,-99.314,2240
19.59,-99.305,2240
19.59,-99.296,2240
19.59,-99.287,2240
19.59,-99.278,2240
19.59,-99.269,2240
19.59,-99.26,2240
19.59,-99.251,2240
19.59,-99.242,2240
19.59,-99.233,2240
19.59,-99.224,2240
19.59,-99.215,2240
19.59,-99.206,2240
19.59,-99.197,2240
19.59,-99.188,2240
19.59,-99.179,2240
19.59,-99.17,2240
19.59,-99.161,2240
19.59,-99.152,2240
19.59,-99.143,2240
19.59,-99.134,2240
19.59,-99.125,2240
19.59,-99.116,2240
19.59,-99.107,2240
19.59,-99.098,2240
19.59,-99.089,2240
19.59,-99.08,2240
19.59,-99.071,2240
19.59,-99.062,2240
19.59,-99.053,2240
19.59,-99.044,2240
19.59,-99.035,2240
19.59,-99.026,2240
19.59,-99.017,2240
19.59,-99.008,2240
19.59,-98.999,2240
19.59,-98.99,2240
19.59,-98.981,2240
19.59,-98.972,2240
19.59,-98.963,2240
19.59,-98.954,2240
19.59,-98.945,2240
19.59,-98.936,2240
19.59,-98.927,2240
19.59,-98.918,2240
19.59,-98.909,2240
19.599,-99.35,2240
19.599,-99.341,2240
19.599,-99.332,2240
19.599,-99.323,2240
19.599,-99.314,2240
19.599,-99.305,2240
19.599,-99.296,2240
19.599,-99.287,2240
19.599,-99.278,2240
19.599,-99.269,2240
19.599,-99.26,2240
19.599,-99.251,2240
19.599,-99.242,2240
19.599,-99.233,2240
19.599,-99.224,2240
19.599,-99.215,2240
19.599,-99.206,2240
19.599,-99.197,2240
19.599,-99.188,2240
19.599,-99.179,2240
19.599,-99.17,2240
19.599,-99.161,2240
19.599,-99.152,2240
19.599,-99.143,2240
19.599,-99.134,2240
19.599,-99.125,2240
19.599,-99.116,2240
19.599,-99.107,2240
19.599,-99.098,2240
19.599,-99.089,2240
19.599,-99.08,2240
19.599,-99.071,2240
19.599,-99.062,2240
19.599,-99.053,2240
19.599,-99.044,2240
19.599,-99.035,2240
19.599,-99.026,2240
19.599,-99.017,2240
19.599,-99.008,2240
19.599,-98.999,2240
19.599,-98.99,2240
19.599,-98.981,2240
19.599,-98.972,2240
19.599,-98.963,2240
19.599,-98.954,2240
19.599,-98.945,2240
19.599,-98.936,2240
19.599,-98.927,2240
19.599,-98.918,2240
19.599,-98.909,2240
